,Feature,Spearman Correlation (1st vs 2nd)
0,(credited),0.9142616043247871
1,(enrolled),0.9618260766381487
2,(evaluations),0.6936033939481563
3,(approved),0.8916792101746502
4,(grade),0.7623569813380457
5,(without evaluations),0.3835516683153977
